seed,C,x,acc
941851,0.03125,"[ 0.20232463  0.19034854 -0.52337289 -0.76779673 -0.25364433 -0.32372133
  0.92066123 -0.2032685   0.47273832  0.00708763  0.38118815  0.95829821
  0.29160658  0.02284101]",0.75
936159,0.03125,"[ 0.99977885 -0.16940851  0.37747214 -0.68628961 -0.18327109 -0.38567593
  0.94959005 -0.89877466 -0.01885186  0.52989286  0.96266998  0.10575427
  0.20079922  0.07815195]",0.796875
118334,0.03125,"[-0.99675296  0.94717993  0.85770496 -0.99899576 -0.99544677 -0.98525558
  0.99525301  0.99442903  0.99843514 -0.9995579   0.97617622 -0.97866464
  0.21790107  0.20977971]",0.7447916666666666
108183,0.03125,"[ 0.45641033 -0.64879197 -0.99904299  0.98226341  0.38844958 -0.33658443
 -0.67193378  0.58826482 -0.42327418  0.35924295 -0.62829357 -0.35829215
  0.02363972 -0.02594266]",0.75
479829,0.03125,"[ 0.75101686 -0.39654849  0.9874402  -0.92377378  0.70127537  0.36549317
 -0.82374799 -0.35634661 -0.2931032  -0.27546726 -0.08833879 -0.93789155
  0.09658137 -0.0458818 ]",0.7708333333333334
773980,0.03125,"[-0.99945234  0.95991622 -0.51066777 -0.61578702 -0.79830193 -0.86624362
  0.79848834  0.93368412 -0.15104149  0.92346812  0.53266693 -0.17998758
  0.04031352  0.03448269]",0.78125
910215,0.03125,"[-0.69240106  0.04697193  0.13859422 -0.17651427  0.01984755 -0.14097175
  0.93303251  0.29434117 -0.73593133  0.80096709  0.98165263  0.0704616
  0.16484905  0.10013356]",0.71875
895438,0.03125,"[ 0.90354698  0.07211416  0.95863338 -0.8214788   0.81833867  0.26661535
 -0.80180917 -0.20147097  0.21412188  0.06412319 -0.05916062 -0.35726195
 -0.09156943 -0.17095207]",0.8125
228808,0.03125,"[ 0.27257483 -0.9929651  -0.99979616 -0.71877796 -0.85281366  0.27454452
  0.78731745  0.81394077  0.6732584   0.32852063 -0.15529886  0.69420133
  0.2868333   0.05928952]",0.8072916666666666
119632,0.03125,"[-0.40133559  0.24049322  0.98440874 -0.40713249 -0.32029772  0.98666955
  0.60930517  0.94867751  0.22483631 -0.41377139  0.49809897  0.45407393
  0.25809004  0.01299446]",0.8020833333333334
745699,0.03125,"[-0.35410552  0.76976599 -0.65621955  0.4372945   0.3659666   0.79440762
 -0.99998732 -0.92658349 -0.04897902  0.95720838  0.83047026 -0.99999749
 -0.66937234 -0.02458211]",0.7604166666666666
680352,0.03125,"[ 0.71275954 -0.86436382  0.99243177  0.52171986  0.17045663  0.67587835
 -0.94545901  0.41336412 -0.01149951 -0.59366698 -0.66907336  0.15375101
 -0.33656268 -0.05517744]",0.7708333333333334
717830,0.03125,"[-0.75400279  0.32891142 -0.68949115 -0.44047578  0.96660446  0.6012271
  0.96701565  0.78946911  0.8625243   0.80989456  0.5274108   0.78485385
  0.00170071  0.06281429]",0.765625
988865,0.03125,"[-0.99308607  0.98603073 -0.03259341 -0.62010659  0.23949724 -0.08901621
 -0.99973393  0.15014662 -0.07928439  0.24255302 -0.99558248 -0.22036341
  0.00782475 -0.08476112]",0.8125
842375,0.03125,"[-0.48711461 -0.71433876 -0.59496157 -0.3839812  -0.70321771 -0.9204647
  0.92274753 -0.47004139  0.93032662  0.64226996  0.99744022 -0.59316022
  0.12914815  0.06637622]",0.7604166666666666
750994,0.03125,"[ 0.77679671 -0.99977207  0.72241649  0.99153678  0.91818129 -0.62613477
 -0.99999575 -0.97835842 -0.46092635 -0.89597215 -0.7441247  -0.97025947
 -0.18727829 -0.18605335]",0.765625
719354,0.03125,"[-0.26102647  0.55386735 -0.12296333 -0.67007347 -0.35302755 -0.18794874
  0.89628949  0.07668499  0.99208858  0.30026698 -0.34011114  0.62081301
  0.43223072  0.06198723]",0.7864583333333334
329909,0.03125,"[-0.34095116  0.43022287 -0.87754205 -0.30692652 -0.5957669  -0.79593696
  0.82708809 -0.34712818  0.04988083 -0.74272572  0.6114884   0.20122634
  0.9401123   0.04167223]",0.7864583333333334
599749,0.03125,"[ 0.99649328 -0.60274623 -0.00787515  0.97818974  0.86372958 -0.30081523
 -0.87098597 -0.13242948 -0.27435157  0.45945027 -0.42910856 -0.88248039
 -0.32768558 -0.01699947]",0.7604166666666666
328876,0.03125,"[-0.55051387 -0.72535067  0.88836394  0.3172147   0.45090059  0.38888101
  0.99405904 -0.38487633  0.67353408  0.96045126  0.39415104  0.6505243
  0.12860894  0.03649426]",0.78125
161269,0.03125,"[ 0.34013662  0.0970678  -0.5656861   0.03930381  0.50065065 -0.54833862
 -0.75179116 -0.01135128 -0.05095888 -0.62210099 -0.61001573  0.63948011
 -0.34421184 -0.01121405]",0.7135416666666666
422522,0.03125,"[ 0.02651536 -0.84124767  0.06583998  0.87154355  0.74079943  0.86900057
 -0.90461425 -0.32387302 -0.90508706 -0.56376669 -0.3368339   0.55809401
 -0.13003008 -0.16159892]",0.765625
858762,0.03125,"[-0.10940956 -0.61026133  0.09776284 -0.03149462  0.26764023  0.74633201
 -0.8086401  -0.8367663  -0.63182514 -0.47163693 -0.59988332 -0.19966592
 -0.41067432 -0.05053375]",0.7708333333333334
195498,0.03125,"[-0.75925989 -0.21061956 -0.32792138 -0.96656509  0.70977686 -0.30431628
  0.9284806   0.41326402 -0.15879836 -0.31955265  0.73884122  0.11245249
  0.04820581  0.05232441]",0.7552083333333334
167992,0.03125,"[-0.99502763  0.95135128 -0.10813766 -0.99041726  0.07406557 -0.99781746
 -0.93061411 -0.61238227  0.49220329 -0.3562009  -0.99955687  0.16092116
 -0.08407383 -0.06120999]",0.7864583333333334
452798,0.03125,"[ 0.76967146 -0.71843765 -0.45696963 -0.11322029 -0.99880706 -0.69723696
  0.92166437  0.87129903 -0.20204413  0.10175219  0.9774802   0.39944924
  0.40281025  0.01373505]",0.75
928982,0.03125,"[-0.95306533  0.98417112  0.70948093  0.85590857 -0.98304029 -0.95029234
 -0.87381769  0.9253999  -0.80688443 -0.77682586 -0.23137062 -0.71376975
 -0.99982398 -0.01460983]",0.7604166666666666
930767,0.03125,"[-0.91959322  0.89047498 -0.36453239 -0.96027356 -0.23542859  0.10922009
  0.86304345  0.94657353  0.39182886 -0.21860546  0.80894669  0.76635533
  0.32452299  0.02624591]",0.7760416666666666
281191,0.03125,"[-0.94073436  0.12057985  0.18781082  0.19095981  0.28309424  0.38519312
 -0.85415187 -0.06142041 -0.02158795 -0.58811257 -0.38467882 -0.35237403
 -0.23803161 -0.02366961]",0.7604166666666666
837153,0.03125,"[ 0.97969911 -0.78837267 -0.30598897  0.65247118 -0.6168268  -0.0246971
  0.86910985 -0.33490733 -0.98744457  0.52304758  0.92544482  0.80020304
  0.07989122  0.09950517]",0.796875
941851,0.125,"[-0.35806275 -0.77684771 -0.99924212 -0.38576357  0.99813493  0.92630965
  0.51801211 -0.97037159 -0.03191241 -0.25794937  0.13542627  0.91312249
  0.25541306  0.04699194]",0.7447916666666666
936159,0.125,"[-0.02206272  0.15191663 -0.19894991 -0.2213901   0.95237359 -0.75461705
  0.99376047 -0.33791846 -0.13894393  0.81201045 -0.60158541  0.9066573
  0.20691297  0.28290998]",0.796875
118334,0.125,"[ 0.78650793 -0.63462023  0.77967315  0.99525867  0.35830485  0.98486881
 -0.92979555 -0.69836025 -0.18179152 -0.1864622  -0.052988    0.62450808
 -0.30885714 -0.40012948]",0.7395833333333334
108183,0.125,"[-0.57933013 -0.28751348 -0.99622431 -0.9909288  -0.71762672 -0.97507619
  0.99882119  0.9981749  -0.17715114  0.80824857  0.79052372 -0.98901989
  0.97043413  0.56903067]",0.734375
479829,0.125,"[-0.76636003  0.99836369  0.64372853  0.71927016  0.95726572  0.99982439
 -0.83423393 -0.19228766 -0.24992601  0.03591988 -0.30942166  0.9953491
 -0.37935409 -0.62044711]",0.765625
773980,0.125,"[ 0.06323749  0.32915441 -0.38511546 -0.09766998  0.22400973 -0.15197201
  0.61644425  0.05228844 -0.3587615   0.63791301  0.95568073  0.16442267
  0.14025616  0.06914607]",0.7760416666666666
910215,0.125,"[-0.04967803 -0.09608711  0.45964639 -0.2269132   0.75307151  0.56532539
 -0.88371538 -0.20682298  0.48891978 -0.44860412 -0.6314291   0.11974066
 -0.75680353 -0.06667913]",0.71875
895438,0.125,"[-0.11831029 -0.60492328 -0.53678297  0.8162624  -0.99660115 -0.61073752
  0.89372874  0.75889624 -0.8673238   0.75062695  0.30893329  0.11180156
  0.14286454  0.42301195]",0.8125
228808,0.125,"[ 0.64002488 -0.77549246  0.80945162  0.24547234 -0.01170546 -0.4126861
  0.96146802 -0.38207681  0.46505097  0.99396359  0.89747528  0.57390718
  0.78484897  0.33856836]",0.8072916666666666
119632,0.125,"[ 0.12651757 -0.68028467 -0.51898892 -0.03293592 -0.80567064 -0.98593165
  0.92014927 -0.22681404  0.93948854 -0.71645596  0.27264928  0.68953098
  0.76013102  0.1095594 ]",0.8020833333333334
745699,0.125,"[ 0.10353782 -0.54533063 -0.96091363  0.14756824 -0.62576047 -0.73704528
  0.75658632  0.7834678  -0.25490042  0.14940109 -0.38437708  0.3497707
  0.40786386  0.09535881]",0.7604166666666666
680352,0.125,"[-0.71925837  0.71513139  0.18440823 -0.43736865 -0.92098671  0.07124082
 -0.99997518  0.50948518 -0.51525152 -0.04840301  0.41747563 -0.58187972
 -0.07285394 -0.06144506]",0.7864583333333334
717830,0.125,"[ 0.44799517  0.70271591  0.13134764  0.37584947  0.08498105 -0.77845916
  0.9831382  -0.45283422  0.90556986  0.23732279 -0.39792907  0.60888742
 -0.06676826  0.07234436]",0.7708333333333334
988865,0.125,"[ 0.37929266 -0.34693559 -0.43735573 -0.61164492 -0.99879435 -0.09211112
  0.67167021  0.46419354 -0.99999115  0.76128509  0.36332818 -0.22511446
  0.11836694  0.12605187]",0.8229166666666666
842375,0.125,"[-0.3131064  -0.86831782 -0.99482792  0.90634749 -0.60349113 -0.94703082
  0.97435918  0.24109283 -0.05165497  0.78799416  0.33565204 -0.88001898
  0.65501434  0.25930122]",0.7708333333333334
750994,0.125,"[-0.7220205   0.99946356 -0.34394898 -0.94292291 -0.96433603 -0.12615775
  0.94773541  0.96545486  0.5305715  -0.48383012 -0.78220478  0.68377317
  0.48988458  0.49872614]",0.765625
719354,0.125,"[ 0.23645203 -0.73710852  0.63337415 -0.11341104  0.21248994 -0.98013789
  0.98053928 -0.12049197 -0.29422994  0.56021729  0.99703181  0.69870072
  0.99080764  0.40673855]",0.7864583333333334
329909,0.125,"[ 0.64274625  0.83709691 -0.9443398   0.87105294 -0.91335668  0.43117827
 -0.48491275  0.32747584  0.33117236 -0.49522653 -0.27473403 -0.5349272
 -0.08022048 -0.16783497]",0.7916666666666666
599749,0.125,"[ 0.94579652 -0.97248372 -0.8571291   0.03864263  0.58378961 -0.74512393
  0.27566166 -0.94757132  0.57807476  0.14795454 -0.1328339   0.99773396
 -0.01034598  0.04068918]",0.7552083333333334
328876,0.125,"[ 0.10619469 -0.63952355  0.08371724  0.02499178 -0.2674467  -0.98971572
  0.99453204 -0.34456278  0.69308803  0.63605814  0.45246471  0.18274886
  0.18204148  0.11663422]",0.7708333333333334
161269,0.125,"[ 0.61899544 -0.82805407 -0.93656704  0.62618427 -0.98417077  0.88760071
  0.8035717  -0.3358472   0.81622668  0.33518369  0.9984092   0.99813031
  0.98893682  0.41708215]",0.7083333333333334
422522,0.125,"[-0.29110603  0.36448427  0.77953183  0.80262788 -0.349907    0.22159207
 -0.46022884  0.3115116  -0.11579999  0.457344    0.61160139 -0.85041607
 -0.46900438 -0.0954152 ]",0.7604166666666666
858762,0.125,"[ 0.49486331 -0.264069   -0.11301943 -0.05022832  0.55815817  0.75384101
 -0.84259592 -0.30396251  0.49820893  0.40179933  0.21534212 -0.0348584
 -0.7114736  -0.14138334]",0.7708333333333334
195498,0.125,"[ 0.31912802 -0.28470902 -0.94002378 -0.83574277 -0.15669263  0.05514725
  0.97638472 -0.06901737 -0.47096786  0.54065802  0.99780257  0.18387389
  0.06479322  0.2532106 ]",0.7552083333333334
167992,0.125,"[ 0.03934521  0.48408987 -0.99799653 -0.69263715 -0.99515345 -0.91106954
  0.931774    0.48941308  0.98263111  0.99996563 -0.26382398 -0.99826252
  0.2791978   0.50822608]",0.7760416666666666
452798,0.125,"[-0.50554264 -0.18926462 -0.7319529   0.11452679 -0.47728663 -0.52435751
  0.26281839  0.53207969  0.95001916 -0.10321091 -0.1659176   0.2920827
  0.36023175  0.00697354]",0.7552083333333334
928982,0.125,"[ 0.386467   -0.14115395 -0.10688571  0.75200734  0.99166327  0.93274526
 -0.99133567  0.9997358  -0.19219105 -0.89108025  0.00973829  0.4313111
 -0.96889744 -0.89802939]",0.7552083333333334
930767,0.125,"[-0.08194869 -0.25699953  0.23679044  0.11149094  0.13147717  0.97041902
 -0.81203119 -0.90266411  0.68925262 -0.8683116   0.8849182  -0.03836477
  0.03794784 -0.27600469]",0.78125
281191,0.125,"[-0.91320576  0.9721895  -0.01732872  0.47563329  0.14536909  0.6795103
  0.97826981  0.8936785   0.79342053 -0.83698306  0.91844047  0.65482247
  0.44398169  0.27987845]",0.7760416666666666
837153,0.125,"[ 0.64952525  0.24013187  0.55738121  0.57984123  0.39173458  0.3852852
 -0.89522718 -0.86752956 -0.68485784  0.01184276  0.04717629 -0.89179522
  0.00350748 -0.21016067]",0.7916666666666666
941851,0.5,"[-0.98619092  0.50660546 -0.96877811 -0.94505872  0.03485112  0.83869602
  0.88824213  0.06315514  0.84535519  0.94526512 -0.21479233  0.13041526
  0.98024643  0.7072517 ]",0.75
936159,0.5,"[ 0.76707201  0.32453416  0.827589   -0.99654978 -0.21171002 -0.86545677
  0.62679321 -0.84572655  0.59387289  0.90379516  0.44228282  0.93504778
 -0.3833121   0.27889749]",0.78125
118334,0.5,"[ 0.86632179 -0.25708224  0.14723736 -0.93500644 -0.62859057 -0.5153659
  0.73363418  0.202798    0.19421109 -0.49795872 -0.83256667  0.0922302
  0.28941033  0.90781996]",0.7395833333333334
108183,0.5,"[-0.96602839 -0.11773467 -0.01282731  0.66996517  0.78742718  0.91129189
 -0.79886012  0.75212043  0.77122623 -0.47055426 -0.82446591  0.28848402
 -0.81287102 -0.67038321]",0.7395833333333334
479829,0.5,"[ 0.18517081 -0.37399692 -0.16324988  0.79182612 -0.00783713  0.91217323
 -0.88118383 -0.9923057   0.71662732 -0.86239851  0.56641671 -0.96381346
 -0.8679962  -0.80162983]",0.7604166666666666
773980,0.5,"[ 0.14743648  0.71516072  0.95595962 -0.81519321 -0.83033091  0.71671191
  0.47141778  0.05619386 -0.88634259  0.96637688  0.50407354  0.8804611
  0.0744009   0.12835767]",0.7864583333333334
910215,0.5,"[-0.98963538 -0.91969664  0.25933432 -0.47384673  0.6717493   0.7544111
  0.99685558  0.99829328 -0.83547731  0.72221962  0.59056146  0.9674961
  0.88649142  0.33033905]",0.71875
895438,0.5,"[-0.16472299 -0.29355112 -0.46310556  0.6206252   0.97477508 -0.70140833
 -0.73531191  0.99605466  0.96354863 -0.09213028 -0.18411685 -0.68735689
 -0.77231754 -0.99414385]",0.8125
228808,0.5,"[ 0.87845359  0.95709874 -0.90433049 -0.96913542  0.25303493  0.9908751
 -0.89319783 -0.54721751 -0.86368887 -0.75733643  0.57407896  0.35095987
 -0.92771424 -0.98135327]",0.8020833333333334
119632,0.5,"[-0.10919388 -0.64504831 -0.90826584 -0.73407272 -0.60073744  0.22123996
  0.88233687  0.99999046  0.99893586  0.82009206 -0.17306632 -0.20293415
  0.57736314  0.78795398]",0.8125
745699,0.5,"[ 0.45384515 -0.18796689 -0.26332152 -0.68115939  0.41764135  0.66152575
 -0.96963649  0.69537353 -0.24219869  0.98338651 -0.70935838 -0.99979927
 -0.73321448 -0.97794078]",0.7604166666666666
680352,0.5,"[ 0.99812914  0.75233509  0.99095613  0.11381335  0.99190983  0.60817705
 -0.99468297 -0.04918794  0.99839533  0.36911793 -0.99996465 -0.36930811
  0.33477462 -0.88797675]",0.78125
717830,0.5,"[-0.26793586  0.4131466   0.80085505  0.08252536  0.03668139 -0.48046371
 -0.99378193 -0.59749994 -0.93209814 -0.86278648 -0.8746738  -0.72666371
 -0.83113752 -0.68530915]",0.765625
988865,0.5,"[-0.08878333 -0.18043806  0.25990659  0.15708553 -0.27617267 -0.59435476
  0.69422504  0.92352799  0.27990677 -0.08900417  0.82399535 -0.12488518
 -0.05919098  0.6611885 ]",0.8229166666666666
842375,0.5,"[-0.98800165 -0.05096283 -0.16028459 -0.80865988  0.61681095 -0.93303353
  0.99879377  0.81891803  0.05930994 -0.78771724  0.54179939  0.94179094
 -0.4427966   0.72363916]",0.78125
750994,0.5,"[ 0.9742034   0.50237994  0.65059195 -0.50095085 -0.14775493  0.40075939
 -0.54550224  0.72515072 -0.619122    0.75567764 -0.6323883  -0.95684987
 -0.09010592 -0.19540677]",0.7604166666666666
719354,0.5,"[ 0.87681794 -0.54096227  0.99846442 -0.98774616 -0.99998061 -0.90712239
  0.99998501 -0.57432114  0.90229004  0.93087073  0.98790122  0.99986954
  0.92651041  0.68758211]",0.7864583333333334
329909,0.5,"[ 0.52293074  0.09564076  0.6864711   0.9500564   0.76028302  0.04930794
 -0.40152809  0.84043964  0.56632896  0.05879336 -0.97068014  0.34472649
 -0.78658692 -0.53288509]",0.7864583333333334
599749,0.5,"[ 0.98327976 -0.90177042  0.97053585  0.99708273  0.48338873  0.99119397
 -0.99971225 -0.9550984   0.62784324 -0.48140598  0.86374672 -0.4411713
 -0.99828377 -0.33670679]",0.7604166666666666
328876,0.5,"[ 0.14470723 -0.33170061  0.86027834  0.96540093  0.69971763  0.68724566
 -0.68257433  0.40001113 -0.94935037 -0.27155689 -0.93819549  0.94855815
 -0.45696638 -0.74480951]",0.765625
161269,0.5,"[ 0.09697574 -0.81808943 -0.69777844 -0.49638378  0.97082642  0.91195299
 -0.99930339 -0.75793559  0.99891251  0.68963467 -0.93491935 -0.78577902
  0.77598003 -0.91784566]",0.7083333333333334
422522,0.5,"[ 0.11878335 -0.21054336 -0.83654543  0.97443665 -0.18544891  0.8986244
 -0.61167842  0.96956572 -0.68302975 -0.01102462 -0.99195765 -0.94728267
 -0.51163445 -0.90913318]",0.765625
858762,0.5,"[ 0.4485018   0.11713887 -0.24171729  0.20273452 -0.21832059  0.87240938
 -0.94829348  0.99628982 -0.59997178  0.87854678  0.20266464 -0.618765
 -0.11306889 -0.86660154]",0.7604166666666666
195498,0.5,"[ 0.83392978 -0.41855737 -0.96453159 -0.42765268  0.41190466 -0.66645943
  0.58199863  0.08918561 -0.9950474   0.31180876  0.44862456  0.45145521
 -0.30169724  0.54336408]",0.765625
167992,0.5,"[ 0.17242602  0.9034666  -0.2709811   0.85896177  0.85271338 -0.15198003
 -0.79810827 -0.82844995 -0.49643044  0.18904884  0.88238195  0.02270942
 -0.94393431 -0.34843463]",0.7916666666666666
452798,0.5,"[ 0.97829627 -0.9976667   0.44366047 -0.05281831 -0.36914604 -0.42710423
 -0.17085267  0.94166329  0.17845367  0.62677877 -0.65338256 -0.91843939
 -0.17051046 -0.05298945]",0.75
928982,0.5,"[-0.92875375  0.61541175 -0.42740908  0.45125758 -0.95526593 -0.63496089
  0.73715928  0.14287919  0.37007342 -0.29225268  0.96703896  0.1452114
  0.34872734  0.99633802]",0.7552083333333334
930767,0.5,"[ 0.28105543  0.70468698  0.99982494  0.99727668  0.6969869   0.97899753
 -0.75612038 -0.82134645  0.79720658 -0.66880782 -0.2803633  -0.83757986
  0.39584095 -0.99937132]",0.796875
281191,0.5,"[ 0.95904702 -0.75551663 -0.40367364  0.77599025 -0.83306836  0.97709627
 -0.94377273 -0.88781035 -0.98444153 -0.88214829 -0.99315365 -0.52019505
 -0.77163921 -0.99919442]",0.765625
837153,0.5,"[ 0.65378709 -0.41705356 -0.33366524 -0.89355983 -0.87939802 -0.83438354
  0.98673809  0.85619453 -0.28176436  0.759447    0.30437533 -0.0027714
  0.75551383  0.99587097]",0.7916666666666666
941851,2.0,"[ 0.54211044 -0.35629715  0.99527625 -0.61298219  0.38747092  0.93407868
 -0.84105325 -0.70254724 -0.39495132  0.89093284  0.79920867 -0.39820699
 -0.02131673 -0.87236457]",0.7552083333333334
936159,2.0,"[ 0.83567358 -0.80480089 -0.77972781  0.35739558  0.99213975 -0.16974774
 -0.93697494 -0.15923734  0.0172661   0.16547348 -0.16196416 -0.97898051
 -0.47285146 -0.79297662]",0.78125
118334,2.0,"[-0.41886898 -0.33085147  0.37026005 -0.4230218  -0.94876877  0.89049818
  0.91491271  0.9619376   0.88552931  0.96217373  0.57821761  0.76146158
  0.98434583  0.8165451 ]",0.734375
108183,2.0,"[-0.99999177  0.26339613  0.99922789  0.99970169 -0.19506311  0.99211204
 -0.99465496 -0.11543628 -0.74616405 -0.11589241  0.50758061 -0.98508515
 -0.94965786 -0.99673653]",0.7447916666666666
479829,2.0,"[ 0.25987893 -0.84034574  0.49580203  0.47643142 -0.81314438 -0.99674947
  0.99940995  0.99940443  0.30229063 -0.20632521 -0.33886075 -0.08739348
 -0.48633039  0.99312408]",0.7708333333333334
773980,2.0,"[-0.68871865  0.24468143 -0.69307054 -0.73731657  0.17310975 -0.27192224
  0.56184813 -0.64390204  0.77835124  0.99991242 -0.39625827  0.92068795
  0.91858571  0.57837947]",0.765625
910215,2.0,"[ 0.12991544  0.23414477 -0.39020037 -0.91437024 -0.18592244 -0.35300232
  0.96803599  0.9715734   0.63411464 -0.3293008  -0.38818538  0.74843773
  0.93250059  0.50424732]",0.7239583333333334
895438,2.0,"[-0.50308563 -0.00929012  0.84702266  0.78837552 -0.47286164  0.04713099
  0.98214159  0.70816554 -0.80547953  0.07154896 -0.53800947  0.79882496
  0.60568655  0.85186902]",0.8020833333333334
228808,2.0,"[-0.56109412  0.70649881 -0.12536357  0.77507489 -0.89396151  0.56870094
  0.96618547  0.35941295 -0.99899669  0.950078    0.99895265 -0.99520665
  0.99008107  0.94383338]",0.796875
119632,2.0,"[-0.32447616  0.99985682  0.6771783  -0.79533471  0.20077638  0.95514686
 -0.77691323 -0.68360746 -0.97331114  0.96212219 -0.87143817 -0.40744043
 -0.87275489 -0.97976798]",0.7916666666666666
745699,2.0,"[ 0.5748635  -0.78155855  0.12823385  0.77886288 -0.68814242  0.50865672
 -0.98697973 -0.78946068  0.46232257 -0.84074055  0.06274632  0.38401842
 -0.46741365 -0.51662874]",0.7604166666666666
680352,2.0,"[ 0.67121064 -0.85819562  0.99811477 -0.41331224 -0.95126318 -0.88201103
  0.97029837  0.69557068  0.42492541  0.45221863  0.96504362  0.9842169
  0.70384367  0.75752809]",0.7916666666666666
717830,2.0,"[ 0.1011015  -0.21253617 -0.27163556  0.52356225 -0.9507291   0.3565092
  0.53407478  0.46226016  0.87793835 -0.04926799 -0.86744024  0.3920967
  0.21824997  0.24930666]",0.78125
988865,2.0,"[-0.91278269  0.97845279 -0.46064579  0.98140004 -0.95893305  0.89717951
 -0.49946926 -0.3685757   0.29947428 -0.85476497 -0.084814   -0.94872512
  0.64227097 -0.76534773]",0.8020833333333334
842375,2.0,"[-0.9295763  -0.75830884 -0.41786419 -0.78087671  0.7335481  -0.16428741
  0.75281522  0.67082987 -0.21864022 -0.99307897 -0.10744138  0.92612858
  0.65202333  0.88113789]",0.78125
750994,2.0,"[ 0.17280921 -0.80305625 -0.97154038  0.89359043 -0.20771346 -0.41769519
  0.29216671  0.86276162 -0.61186127 -0.39905759  0.50557047  0.96354096
  0.41076111  0.34520198]",0.7604166666666666
719354,2.0,"[ 0.8283831  -0.17735676 -0.88340904 -0.07368275 -0.99868448  0.95097885
  0.9983603  -0.22868728 -0.16174813 -0.5572866   0.90376575  0.99993702
  0.88686778  0.98457774]",0.7760416666666666
329909,2.0,"[ 0.56030286 -0.95517119  0.05605476  0.60562361 -0.17903454 -0.45581696
 -0.78197558 -0.1010811  -0.96097982 -0.27353528 -0.10661054 -0.6801475
 -0.65697464 -0.90467034]",0.7864583333333334
599749,2.0,"[ 0.06877955  0.0054068   0.98185525 -0.79055822 -0.70337842 -0.27915327
  0.27703548 -0.700461   -0.23674317  0.39416855  0.78042571 -0.06397695
  0.64403874  0.25741308]",0.765625
328876,2.0,"[ 0.38672506  0.87200781 -0.58704336  0.23312889  0.29564524  0.89579691
 -0.95364162 -0.99981596  0.02745133 -0.40864933  0.62294981  0.45780239
 -0.88510087 -0.99807306]",0.7708333333333334
161269,2.0,"[-0.73335398 -0.27317047 -0.6072306  -0.93013955 -0.9494249   0.75837646
  0.81511658  0.32072796 -0.36873001 -0.03312212  0.82280578  0.57721749
  0.87394413  0.81978079]",0.7239583333333334
422522,2.0,"[ 0.64670295  0.97854101  0.22124018  0.84914802  0.93150621  0.24109465
  0.99567665  0.63747697 -0.32807201  0.99570534  0.99995176  0.82741353
  0.87736562  0.77613746]",0.7552083333333334
858762,2.0,"[-0.93259362  0.99153355  0.23618787 -0.40633428 -0.83473756 -0.47124451
  0.85618999 -0.89295041  0.5160118  -0.02741596  0.93373999  0.1811059
  0.87356173  0.84726317]",0.7760416666666666
195498,2.0,"[ 0.19236206 -0.8176907  -0.39024567 -0.11011606  0.3370992  -0.66215242
  0.76230463 -0.41457005  0.34436133  0.1542112   0.3469298   0.06682852
  0.33817305  0.9812782 ]",0.7447916666666666
167992,2.0,"[ 0.47234065 -0.48003623  0.95794043  0.82090168 -0.9790628   0.91496009
 -0.83055983 -0.12103584  0.9731456   0.03756517 -0.25797358  0.0527685
 -0.38676146 -0.9994756 ]",0.7916666666666666
452798,2.0,"[-0.11156395  0.20762487 -0.56765134 -0.1800387  -0.44593027 -0.64241247
  0.88742717  0.083338    0.10137066  0.71172936 -0.45846609  0.81583789
  0.69083817  0.77061244]",0.75
928982,2.0,"[-0.10158129  0.10280528  0.46815749 -0.3252905  -0.20608632  0.2319171
 -0.9517993   0.60767079  0.5638233  -0.84539732  0.50386085 -0.8632116
 -0.81164458 -0.45109921]",0.75
930767,2.0,"[-0.40336149  0.92705295  0.03821785 -0.96787273 -0.96273087  0.88012619
  0.66917985  0.77124578  0.17569296  0.63962322 -0.63633591 -0.00775108
  0.99984873  0.69755759]",0.8020833333333334
281191,2.0,"[-0.23378201 -0.67173556  0.99270329 -0.13316061  0.03970188 -0.15493055
  0.80722763  0.912161    0.22474756  0.62916043  0.81986512  0.08919281
  0.67811578  0.40687285]",0.765625
837153,2.0,"[-0.9997589  -0.99866726 -0.60237557 -0.37589926 -0.51558922  0.72109199
  0.99297331  0.0084691  -0.92546696  0.80108584 -0.66121608  0.45084882
  0.69721375  0.53174735]",0.796875
941851,8.0,"[ 0.85510055 -0.83588861 -0.92204378  0.32442131 -0.91544991  0.45184395
  0.86576719  0.22108852  0.59370907 -0.93198074 -0.19432167  0.10580031
  0.83867108  0.96999857]",0.7552083333333334
936159,8.0,"[ 0.6274339   0.89889651 -0.65019486 -0.96570008  0.47541589  0.79181916
  0.54334158 -0.07691613 -0.70918124 -0.84328441  0.9545594   0.93991878
  0.98074722  0.69272172]",0.7864583333333334
118334,8.0,"[-0.57016455  0.77845277  0.21368677  0.35628951 -0.70954956  0.67656459
 -0.75069745 -0.06873647  0.93465734 -0.69941747  0.15964227 -0.69867617
 -0.76480604 -0.10049192]",0.7447916666666666
108183,8.0,"[-0.45472209 -0.65080559 -0.20128369  0.99887272 -0.81867936  0.12429988
  0.6426961   0.60832399 -0.04707081 -0.41888651  0.37373589  0.98784145
  0.12877174  0.70942977]",0.7552083333333334
479829,8.0,"[-0.98512206 -0.87395401  0.6595437   0.86890973 -0.51280587  0.53359909
  0.82646388 -0.73431185  0.56080059 -0.28625555  0.99711734  0.93851407
  0.86751018  0.93361675]",0.7604166666666666
773980,8.0,"[-0.78799585 -0.33743556  0.79137004 -0.93376112 -0.99749475  0.48827683
  0.82060862  0.66111728 -0.2857823  -0.328408   -0.71022009  0.39476794
  0.73620519  0.95165181]",0.7604166666666666
910215,8.0,"[ 0.79541164 -0.24653049 -0.39691451 -0.46642861  0.06265123 -0.68936642
  0.57372065 -0.39674382 -0.51199391 -0.54436607  0.99981904 -0.93524826
  0.90488039  0.96392545]",0.7239583333333334
895438,8.0,"[-0.99936216 -0.28540941 -0.99905235  0.93413189 -0.02870217  0.9760239
  0.58025552  0.41963071 -0.51997127  0.81472627  0.98479682  0.95422214
  0.95818535  0.60449431]",0.796875
228808,8.0,"[ 0.06195295  0.83608198  0.09726535  0.05980945  0.69265397  0.72141469
 -0.59606696 -0.23465862  0.16882543 -0.98494437  0.04681715 -0.42276413
  0.51394362 -0.90431266]",0.8020833333333334
119632,8.0,"[-0.35708129  0.50028692  0.71222424 -0.71668095 -0.04711405 -0.94328811
  0.93007492  0.89999337  0.99846881  0.13282706 -0.9998562   0.84781996
  0.09765846  0.88048544]",0.7916666666666666
745699,8.0,"[ 0.74461694  0.3987649  -0.42375652 -0.22449271  0.98108481 -0.50953374
 -0.90363126  0.26827092 -0.97247549 -0.0941194   0.99799456 -0.37221433
 -0.85148213 -0.97382036]",0.75
680352,8.0,"[-0.24920901 -0.99573872 -0.225628   -0.27507683 -0.65416608 -0.22014384
  0.30229732 -0.35624757  0.75383201 -0.0746818   0.99466703 -0.59592465
  0.47727435  0.87894879]",0.7916666666666666
717830,8.0,"[ 0.22419321  0.03275936  0.13106841 -0.5346696   0.51413342  0.02621399
 -0.29728203  0.76019963 -0.58755928 -0.99070125 -0.98012351 -0.10743751
 -0.99634838 -0.96396059]",0.765625
988865,8.0,"[ 0.99042274 -0.40697481 -0.98427017  0.47438201 -0.04022379  0.36700904
  0.22292583 -0.8673271  -0.45604321 -0.40782224  0.03000568  0.91776142
  0.9999666   0.61002364]",0.8125
842375,8.0,"[ 0.33931192  0.27025854  0.56082907 -0.37786606  0.71058979 -0.37823358
 -0.37795669 -0.38910761  0.08286849  0.99862812 -0.51523044 -0.77279611
 -0.12835755 -0.32150777]",0.78125
750994,8.0,"[ 0.14534659 -0.84301807 -0.94178581  0.1203222   0.98554905 -0.99362483
  0.33740937  0.05661284  0.95058404  0.92925149 -0.35926609  0.15558613
 -0.28189347  0.84947887]",0.7604166666666666
719354,8.0,"[ 0.96486044 -0.86242645 -0.08767714  0.55807303 -0.6808488   0.29825943
  0.67059     0.03281351  0.82563022  0.07962562  0.9006934   0.22723185
  0.34466272  0.98160115]",0.7916666666666666
329909,8.0,"[-0.50659607  0.00528815  0.99257633 -0.9368723  -0.85739042  0.88330081
  0.87737816  0.27703281  0.47431093  0.53195677 -0.26942263  0.98071013
  0.97869118  0.75410312]",0.7864583333333334
599749,8.0,"[-0.46380555 -0.98892684  0.23921423  0.28389432  0.68591075  0.34326564
 -0.82316388  0.43943063 -0.88411192  0.75713717 -0.89287861 -0.16705172
 -0.31604678 -0.76327469]",0.7760416666666666
328876,8.0,"[-0.14835648 -0.86658823 -0.61323921  0.98678963 -0.40835119 -0.9269044
  0.99991297  0.47586497  0.3908709   0.55462003  0.27744801  0.83982138
 -0.33861663  0.79714493]",0.7708333333333334
161269,8.0,"[-0.61471657  0.3586681   0.46732528 -0.33878334 -0.11990584  0.14535188
  0.80155784 -0.58772739  0.57976079  0.66773628  0.28172579 -0.09218549
  0.29283856  0.99963026]",0.7083333333333334
422522,8.0,"[ 0.49885473 -0.06902619 -0.26034623  0.2752889   0.80613258  0.38615094
 -0.67363517 -0.50836965  0.10104177 -0.76116392 -0.98942347 -0.9819949
 -0.21390704 -0.99893573]",0.7604166666666666
858762,8.0,"[ 0.96320887 -0.21088729 -0.46359183 -0.33017041 -0.08491187  0.32359247
  0.99981329  0.61517719  0.30726509  0.39434535  0.65440342  0.82114578
  0.78300259  0.93360688]",0.765625
195498,8.0,"[-0.81519179  0.91308925  0.91686559  0.94069251  0.98651611 -0.80177061
 -0.99906303  0.96541964  0.85819723 -0.99801514 -0.99622697  0.29172165
 -0.99894869 -0.96786302]",0.7552083333333334
167992,8.0,"[ 0.55787318  0.90555429 -0.44705851  0.48847387  0.98789098  0.08841533
 -0.99451277 -0.15541195  0.12813311 -0.42324022  0.16044752 -0.94147958
 -0.10445014 -0.9790145 ]",0.7760416666666666
452798,8.0,"[-0.99844458 -0.98182983  0.87170113 -0.14550983 -0.99905699  0.46344752
 -0.83261448  0.3141416  -0.80974066 -0.56177101 -0.85997194 -0.10910351
 -0.9812456  -0.99866385]",0.7447916666666666
928982,8.0,"[ 0.24888791  0.05195243  0.36223177  0.82593241 -0.7552024   0.46215397
 -0.32357306 -0.07390262  0.66667824  0.90013688 -0.27916682 -0.51720468
 -0.58191891 -0.55782542]",0.7552083333333334
930767,8.0,"[-0.30731886  0.74499389  0.1092924  -0.62546893 -0.5181272   0.49226081
  0.99516024  0.86169058 -0.54808734  0.03522522  0.18260358 -0.73349743
  0.63425819  0.86709611]",0.796875
281191,8.0,"[-0.537268   -0.99237394  0.97487475  0.51515919 -0.09798937  0.33612
  0.80634436  0.98816646  0.93504879 -0.0871913   0.75036033  0.5457472
  0.98899362  0.87295371]",0.765625
837153,8.0,"[ 0.95667631 -0.95955425  0.66246482 -0.91945328  0.88819613 -0.58410946
 -0.8094725   0.44698021 -0.99400809  0.15966479  0.03608934 -0.15416021
 -0.6675148  -0.9048953 ]",0.7864583333333334
941851,32.0,"[-0.05999085 -0.11184438 -0.04505571 -0.33021901 -0.09215821  0.5874541
  0.8503739   0.64186516  0.99305194 -0.94600786 -0.78346984  0.7929023
  0.93103526  0.98854809]",0.7447916666666666
936159,32.0,"[ 0.60971574  0.31262522  0.85385611 -0.21206755 -0.85357425  0.93583837
 -0.99060713  0.55678838  0.99949149 -0.70329935 -0.65130392  0.4091901
 -0.90640463 -0.21940371]",0.7708333333333334
118334,32.0,"[-0.00369008  0.51769329 -0.64240367 -0.2221934  -0.46331473 -0.40564477
 -0.78760611 -0.7249803  -0.04809733 -0.67831024 -0.45960857  0.08944678
 -0.62779108 -0.38867311]",0.7447916666666666
108183,32.0,"[-0.11669758 -0.17217709  0.49630343 -0.99050262  0.5276263  -0.59090925
  0.99759601  0.48731161  0.30003168 -0.83980732  0.69635319  0.89047762
 -0.2897964   0.99775593]",0.734375
479829,32.0,"[-0.66541182  0.78114955 -0.97456666 -0.85197929 -0.76097585  0.6801798
  0.99631878  0.33128193 -0.77479411  0.9833963   0.08241001  0.97563194
  0.87617715  0.09213947]",0.7239583333333334
773980,32.0,"[ 0.59248433 -0.86984586 -0.90727337  0.3263427  -0.60732407  0.51814388
  0.63771394 -0.25318361  0.95826791 -0.74684371  0.4227388   0.55207551
  0.87447978  0.74821757]",0.7708333333333334
910215,32.0,"[ 0.59723117 -0.25846207  0.37000965  0.62648241  0.91502518 -0.95501822
 -0.99017263  0.62671216  0.48102176 -0.7825565   0.60256982 -0.74565313
 -0.94231667 -0.9528979 ]",0.7239583333333334
895438,32.0,"[ 0.51255978 -0.02106222 -0.63270381 -0.88698856  0.28410717 -0.53217432
  0.74130179  0.24325163 -0.86993965  0.23993337  0.94768768 -0.72683183
  0.34630021  0.8708116 ]",0.7604166666666666
228808,32.0,"[-0.13469552  0.59628136  0.04129743  0.23471488  0.39961244 -0.08856087
 -0.93010059  0.75687401 -0.26453469 -0.81977913 -0.98625889  0.32450391
 -0.64813333 -0.40043155]",0.7864583333333334
119632,32.0,"[-0.0590299   0.67461302  0.22861995  0.61123339 -0.22778172  0.95656785
 -0.5490257   0.01077925  0.56770202 -0.63564666 -0.60388166  0.99964852
 -0.93019612 -0.20377192]",0.7760416666666666
745699,32.0,"[ 0.42023243 -0.72209132 -0.42240734  0.99022998  0.92333396  0.3572435
 -0.39560591  0.11481583 -0.26493377 -0.12864036  0.12270951  0.3014368
 -0.57012705 -0.12144131]",0.7291666666666666
680352,32.0,"[ 0.99201134  0.58033022 -0.19434543  0.86371612 -0.43810845  0.4415776
 -0.69604632 -0.25553331  0.87807671 -0.44616605 -0.09173274  0.55049534
 -0.8860372  -0.27120036]",0.796875
717830,32.0,"[ 0.65372865 -0.80051075 -0.99739443  0.81623236 -0.60287372 -0.8434025
 -0.94574585 -0.98939507 -0.83662922  0.50848948 -0.65564484 -0.823605
 -0.99424219 -0.98855724]",0.7760416666666666
988865,32.0,"[ 0.99377187  0.8562078   0.23501454 -0.45638819 -0.74945834 -0.39048838
 -0.90653808 -0.99849802 -0.11690734 -0.85351758 -0.3989336   0.27421577
 -0.92777734 -0.02616139]",0.7760416666666666
842375,32.0,"[-0.90207605 -0.07891782  0.92474208 -0.95346005  0.98349585 -0.80689381
  0.95986187  0.28228589  0.03891289  0.84593543  0.83392635  0.57005492
 -0.01783006  0.99842614]",0.765625
750994,32.0,"[ 0.79651041 -0.00295967 -0.98853454 -0.20985151 -0.94543756  0.99967725
  0.878655    0.46336717  0.80986405  0.97037937 -0.29235511 -0.9991607
  0.95051788  0.15677739]",0.7552083333333334
719354,32.0,"[-0.05219352  0.20428194 -0.10036625  0.89306204  0.22093575  0.66148851
 -0.60375044 -0.48874765 -0.12477673 -0.36921301  0.14113065  0.59743993
 -0.59733159 -0.01960172]",0.7708333333333334
329909,32.0,"[-0.67284297 -0.77774935 -0.14270719  0.1424875  -0.41543748 -0.91606045
  0.53238747 -0.59878094 -0.35911869  0.75409993  0.14947189  0.34547734
  0.9596236   0.59980636]",0.765625
599749,32.0,"[ 0.96006597 -0.77944368 -0.21768916 -0.51102432 -0.99849649  0.79403781
  0.60388984  0.99248094  0.33098008  0.58065719  0.29034514  0.33531464
  0.999042    0.13738877]",0.765625
328876,32.0,"[-0.05050624  0.04019903 -0.00557763 -0.47778653 -0.00575484  0.23027164
 -0.40437114 -0.33895378  0.06363758 -0.95736325 -0.7061686  -0.22627485
  0.21809155 -0.85375421]",0.765625
161269,32.0,"[-0.93780254 -0.71999868  0.94460635 -0.99972658  0.8200337   0.84108678
 -0.66292542 -0.97012167 -0.17533242 -0.29929057  0.30685637 -0.37924222
 -0.81181766 -0.7746484 ]",0.671875
422522,32.0,"[-0.87512951 -0.00802759  0.13303444  0.89493163  0.68817935 -0.55949652
  0.99615884  0.32640976  0.98336205 -0.95933611  0.59823173 -0.20595904
  0.94310449  0.04321337]",0.7395833333333334
858762,32.0,"[ 0.05988238 -0.99328713  0.98949177 -0.40305596 -0.49158314  0.71922787
  0.8769253   0.98555336 -0.60998501 -0.85314297  0.98720417  0.87448013
  0.87352803  0.9999833 ]",0.7760416666666666
195498,32.0,"[-0.29715781 -0.05634952 -0.58024677 -0.36583174  0.24833479 -0.52020068
 -0.60185645 -0.54759666 -0.96782366 -0.27116303 -0.02250452 -0.48350875
 -0.75602947 -0.86168429]",0.7239583333333334
167992,32.0,"[ 0.64606597 -0.99991299 -0.93275197  0.98624606 -0.27500611 -0.95499047
  0.98843192 -0.26654325  0.93436382  0.85142839 -0.74658705 -0.96261142
  0.66500458  0.73045232]",0.7604166666666666
452798,32.0,"[ 0.69818302  0.68790065  0.01595388 -0.8599906   0.88858454 -0.94373761
  0.46119988  0.17183455  0.83294887  0.51445783  0.92952817  0.16794856
  0.98775193  0.11814436]",0.75
928982,32.0,"[-0.48599394 -0.49459196 -0.72919808  0.97514654 -0.57822952 -0.89505944
  0.77049611 -0.43396446  0.59883057  0.64905954  0.68043466  0.69639235
  0.75088766  0.75968171]",0.734375
930767,32.0,"[ 0.97003679 -0.15384234  0.8349469  -0.50928644 -0.99999198  0.32722886
 -0.75267722 -0.10694708 -0.35655568 -0.72653626 -0.8791413   0.35520417
 -0.88259727 -0.44270756]",0.78125
281191,32.0,"[ 0.74688908  0.52527381  0.07066834  0.39337692  0.26285348 -0.10356403
 -0.84113784  0.40650773  0.44686066 -0.99158155 -0.99887016  0.46664039
 -0.66321457 -0.76028777]",0.7552083333333334
837153,32.0,"[-0.60519038 -0.6094595  -0.25087516  0.29815372 -0.81730421  0.84008861
 -0.86719313 -0.06700685 -0.99968235 -0.02060242 -0.69274155  0.88298854
 -0.73971994 -0.10237165]",0.7552083333333334
941851,128.0,"[ 0.15902812  0.93450649  0.87883113 -0.8893692  -0.19032069  0.30329492
 -0.96625313 -0.57186735 -0.5935999  -0.03481413 -0.27524041 -0.31276959
 -0.98510607 -0.97167623]",0.734375
936159,128.0,"[ 0.08878716  0.60643631  0.15388762  0.86996438 -0.31868825 -0.16823901
 -0.99113899  0.84525666 -0.71723574 -0.73295105 -0.64537862  0.52775375
 -0.7656686  -0.5985219 ]",0.765625
118334,128.0,"[ 0.12386838 -0.98653823 -0.77698354 -0.61459682  0.98126055  0.1456161
  0.81440394  0.15258544  0.34702696 -0.37363744 -0.42953757 -0.11297982
  0.51399784  0.07907241]",0.75
108183,128.0,"[ 0.71002329 -0.95876581 -0.97258367 -0.68830126 -0.32280084  0.64074316
  0.39736816  0.99580873  0.95624341 -0.04429599  0.8507391  -0.12261095
  0.72304308  0.07895775]",0.7395833333333334
479829,128.0,"[-0.99737618  0.999828    0.08902063 -0.68350059  0.97816543 -0.62903027
 -0.99733594  0.93760147  0.89772208 -0.16785338  0.37170464 -0.44783358
 -0.9845925  -0.72002188]",0.75
773980,128.0,"[ 0.37127714  0.71792217  0.38180735  0.47934349 -0.07507656 -0.07192431
 -0.64554258 -0.71201536  0.88955771 -0.04850803 -0.57455762  0.76559003
 -0.89417841 -0.06309335]",0.75
910215,128.0,"[ 0.05748495  0.98379015 -0.80723815  0.70831361 -0.97917144 -0.67724303
 -0.99779012  0.41334203 -0.4154695   0.19956324 -0.63660371 -0.61281677
 -0.86936626 -0.86386742]",0.7083333333333334
895438,128.0,"[ 0.5979041  -0.98314587 -0.83375939 -0.07016264  0.99997054  0.01049904
 -0.85435453 -0.72280017  0.78120585 -0.95767948 -0.36874204  0.97792972
 -0.59209848 -0.0249253 ]",0.7760416666666666
228808,128.0,"[ 0.91418302  0.15586224  0.71985135  0.95370925 -0.40616024 -0.03680859
 -0.94569505 -0.54403333 -0.45866645 -0.95918321 -0.41903999  0.75542786
 -0.96294702 -0.02169537]",0.796875
119632,128.0,"[-0.66623236  0.26535239  0.01262183 -0.49180669 -0.34184984  0.38124219
 -0.60277185 -0.2256256  -0.07151486 -0.17171838 -0.34509954  0.21290019
 -0.13576686 -0.06197109]",0.765625
745699,128.0,"[ 0.66921892  0.40994046 -0.75891031  0.41120935  0.49202016 -0.02448379
  0.83118125 -0.40945628 -0.54672052  0.98288679 -0.41561817  0.87451059
  0.71007683  0.11844926]",0.7447916666666666
680352,128.0,"[ 0.10132704 -0.5737866  -0.6261511   0.43895153 -0.78520236 -0.97960567
  0.67994747 -0.99215772 -0.20024211  0.98252632  0.95942057 -0.76929273
  0.77529338  0.2284441 ]",0.8020833333333334
717830,128.0,"[-0.79286484 -0.67093131  0.48557904 -0.1974051   0.75883238 -0.39383714
  0.96577326  0.46779782  0.96398108  0.3456704   0.28731175  0.33028898
  0.99932701  0.97877296]",0.734375
988865,128.0,"[-0.73620464 -0.51088243  0.99954283 -0.63168927  0.70388229 -0.46938145
 -0.73202237  0.57926938  0.06155371 -0.35047426  0.53938809 -0.73006578
 -0.96928452 -0.1026609 ]",0.7552083333333334
842375,128.0,"[ 0.18328536 -0.48081433  0.09079676  0.26837503 -0.25703241  0.09675094
  0.9674639   0.09288324  0.92686069  0.30599955  0.82134482 -0.26557202
  0.97434555  0.77305734]",0.7708333333333334
750994,128.0,"[-0.79239903  0.68512784 -0.86542502 -0.68784599  0.9594102   0.8152215
  0.63745377 -0.09355478 -0.73129008  0.86734236 -0.3538805   0.19858233
  0.62867842  0.04605309]",0.75
719354,128.0,"[-0.56424822 -0.52748605  0.86758351  0.78717035  0.69211186  0.24380265
 -0.01892124  0.44329717 -0.72734804  0.97939244  0.45693465 -0.87937703
 -0.72507573 -0.00235288]",0.7760416666666666
329909,128.0,"[-0.92947003  0.4078944  -0.66034164  0.01789442  0.48320118 -0.51122824
  0.91722807  0.73942638  0.65545219  0.82925199  0.8549597  -0.06447764
  0.36994169  0.58517192]",0.765625
599749,128.0,"[ 0.63688166  0.04029969  0.83407502  0.94378063  0.47025567 -0.77186127
 -0.6790313   0.48435497  0.93703574  0.17440279 -0.43358786 -0.60985679
 -0.95314995 -0.05597121]",0.7708333333333334
328876,128.0,"[ 0.84422119  0.22265627 -0.80149771 -0.21479832 -0.70460288 -0.69868319
  0.86927133  0.98396671 -0.1644257   0.86171379 -0.88342428  0.47310048
  0.64168813  0.03875428]",0.765625
161269,128.0,"[ 0.21317297 -0.28724522  0.76948009  0.16763919 -0.86675746  0.68596061
 -0.19892375 -0.47481707  0.87687517  0.52549999  0.42691037 -0.88483149
 -0.89313716 -0.03735399]",0.6979166666666666
422522,128.0,"[ 0.85967542 -0.77165563  0.5154134  -0.23259752  0.82957933 -0.14910739
 -0.54743073 -0.26811548 -0.83938982  0.23779109 -0.86642921 -0.05231822
 -0.83141971 -0.05226015]",0.7552083333333334
858762,128.0,"[-0.89498747  0.64092283  0.30250094  0.9424976  -0.98421524 -0.37812273
  0.98708578  0.63548663 -0.36924909  0.94297047 -0.28789025 -0.37221826
  0.99878245  0.9319403 ]",0.7447916666666666
195498,128.0,"[ 0.27122471  0.36133927  0.00539461 -0.30358175  0.62978367 -0.14576319
  0.85369674  0.70157523  0.57594442  0.54343698  0.740309   -0.47177636
  0.58200225  0.77602018]",0.71875
167992,128.0,"[ 0.99664193 -0.43023058 -0.13899629  0.51096463 -0.40818844 -0.43058023
 -0.50832678 -0.02352381 -0.9350976  -0.64811945 -0.97698942  0.83712697
 -0.49314584 -0.06215003]",0.7604166666666666
452798,128.0,"[ 0.97787705  0.34992565  0.60822334 -0.79234425 -0.04502934  0.11211127
  0.98032137 -0.45303737  0.59793178  0.97239412  0.94307693  0.89465592
  0.40509799  0.0124833 ]",0.7552083333333334
928982,128.0,"[-0.79676382  0.99605022 -0.91905015  0.12017195 -0.82880827 -0.54377632
  0.99231204  0.06564105 -0.29152083  0.43846144 -0.9143239  -0.61991095
  0.99739738  0.86457402]",0.7395833333333334
930767,128.0,"[-0.13159901 -0.61412048 -0.52587131  0.58857812 -0.00228469  0.14917015
  0.91538691 -0.26244876  0.40381582  0.2276382   0.95223552  0.38414782
  0.76181253  0.99680353]",0.7708333333333334
281191,128.0,"[ 0.78197865 -0.92454452 -0.31926345 -0.03536358  0.99371456  0.20016433
  0.18118574 -0.31867134 -0.54376551  0.90512662 -0.13883516  0.84212999
  0.96784471  0.14017269]",0.7604166666666666
837153,128.0,"[ 0.67280104  0.86480502 -0.6611984  -0.3767605  -0.79620622 -0.27259821
 -0.84333567 -0.86985254  0.48742332  0.21502517 -0.9528464  -0.99817689
 -0.99424865 -0.05890505]",0.765625
941851,512.0,"[-0.556761    0.21266932 -0.12910653  0.88384973  0.03008536  0.58399736
 -0.79139775  0.99878318 -0.94357888 -0.92549229 -0.89333909  0.85363033
 -0.99673422 -0.02354886]",0.75
936159,512.0,"[ 0.97955634 -0.02394907 -0.43910141  0.44005139 -0.605688   -0.32743438
 -0.88689099 -0.18100288 -0.21464673  0.52417296 -0.49574539 -0.18472739
 -0.9991066  -0.21588986]",0.7708333333333334
118334,512.0,"[-0.1980768   0.39965482  0.23922553 -0.83999682 -0.73962861 -0.91404164
  0.7859475   0.34699592  0.90868259 -0.76382504 -0.11012175 -0.75770954
  0.70109304  0.17800193]",0.75
108183,512.0,"[-0.96680762 -0.13355088  0.74196177 -0.63739831 -0.99588898 -0.82369989
 -0.64644296  0.29230062  0.19639111 -0.41895128 -0.85263321 -0.76827266
 -0.37045922 -0.04545711]",0.734375
479829,512.0,"[ 0.15773382  0.96419235  0.90282187  0.58231507 -0.0455992  -0.37847141
 -0.13743107  0.22601857 -0.93683482  0.96464009  0.01478964 -0.12844125
 -0.39537053 -0.00831075]",0.7447916666666666
773980,512.0,"[-0.51856172  0.85974198  0.58920815  0.87215318  0.42429556  0.85442768
 -0.70279382 -0.77253344 -0.8107398   0.59557471 -0.23760022 -0.84307792
 -0.66038552 -0.72950055]",0.7447916666666666
910215,512.0,"[ 0.99348423 -0.69896275 -0.92804038 -0.18818271  0.98756539 -0.5131206
  0.59002427 -0.99989416  0.98890187 -0.85673161  0.86657037  0.52347241
  0.97981896  0.99563858]",0.6927083333333334
895438,512.0,"[ 0.03569945 -0.99868362  0.87424598  0.38384478  0.96859204  0.78159262
  0.9972045  -0.97448468  0.63252706  0.9079589  -0.07633537  0.99987039
  0.99526432  0.98519403]",0.7604166666666666
228808,512.0,"[ 0.93997007 -0.30623737  0.83490205  0.5566242   0.98459997  0.97344561
 -0.9022094  -0.68017456 -0.99855674 -0.99864004 -0.66010262  0.94968253
 -0.96402778 -0.73234693]",0.7864583333333334
119632,512.0,"[ 0.38963282 -0.45786152 -0.11565589  0.16166181 -0.86159231 -0.00890114
  0.98677059 -0.12913867 -0.09396872  0.73691528  0.71106823 -0.97789457
  0.98944252  0.07887851]",0.7864583333333334
745699,512.0,"[ 0.14200809 -0.02877139 -0.03967441 -0.95825388  0.03579952  0.10117998
  0.66575086 -0.88634848 -0.53463168  0.09131978  0.8644946  -0.99999116
  0.7635982   0.73904733]",0.7239583333333334
680352,512.0,"[ 0.86251752  0.29111478 -0.97705501  0.64861649  0.79252514  0.19542211
  0.55110105  0.03421335  0.27470985  0.00657545  0.87963588  0.2511752
  0.9994745   0.42235424]",0.796875
717830,512.0,"[-0.93424694 -0.75202432 -0.35446781 -0.59274469  0.49105528 -0.18894432
  0.51138179  0.54200566  0.59927891  0.91668531  0.52148909 -0.77827951
  0.39298901  0.05035309]",0.7552083333333334
988865,512.0,"[ 0.75567187  0.99955423 -0.74105741 -0.06595003 -0.97233508 -0.13683282
 -0.99784693 -0.35279724  0.91976289 -0.07204431 -0.97561032 -0.29046733
 -0.96149048 -0.12270916]",0.7552083333333334
842375,512.0,"[-0.95360449 -0.9713698   0.9618032   0.39418297 -0.76225111 -0.75326256
  0.98530753  0.82524385  0.49697721 -0.06842261  0.98588266 -0.48109458
  0.89826947  0.99959049]",0.765625
750994,512.0,"[ 0.18914949  0.64497801  0.94087199  0.24464113  0.50486842  0.40724917
 -0.72540448 -0.32473888  0.43139319  0.00518735 -0.60155829  0.99171489
 -0.9446638  -0.1396849 ]",0.7552083333333334
719354,512.0,"[ 0.37913221 -0.60959938  0.15988255 -0.90610345  0.35189355  0.4653292
  0.71466367  0.89972983 -0.33776603  0.80602216  0.99473537  0.46285733
  0.99998708  0.94334037]",0.765625
329909,512.0,"[ 0.38579054  0.90287036 -0.01692538  0.23197265  0.01815581  0.67169315
 -0.59021377 -0.90417467 -0.78571059  0.26390984  0.9434256  -0.48020506
 -0.88444364 -0.48420206]",0.765625
599749,512.0,"[ 0.99675675  0.7109867   0.24706934 -0.86290941  0.62991773 -0.64436279
  0.99930122  0.79267433  0.42205263  0.7778899   0.87935215 -0.93131577
  0.82201235  0.96120093]",0.7604166666666666
328876,512.0,"[-0.14271554 -0.22864273 -0.76358217  0.93154946  0.97531788 -0.60157907
  0.92580126 -0.20745083 -0.62066348  0.44714446  0.51930952 -0.06817879
  0.0197019   0.17763974]",0.7447916666666666
161269,512.0,"[ 0.61226934 -0.36914651 -0.12315749  0.84493401  0.5880313  -0.26015718
 -0.73577265 -0.10802961 -0.58896939  0.39418072 -0.81140737 -0.45263447
 -0.93462733 -0.10928412]",0.6875
422522,512.0,"[-0.9980593  -0.84355002  0.05162714  0.2566315   0.03222986  0.0837909
  0.92769152 -0.41401301  0.02946197  0.3981225  -0.349808    0.92927049
  0.37818418  0.6112982 ]",0.7291666666666666
858762,512.0,"[-0.43182977 -0.99409867  0.8194931   0.47997655  0.55799302 -0.13154782
 -0.91980061 -0.55066749 -0.92464172 -0.89499276  0.5098683  -0.25872332
 -0.94459267 -0.07524529]",0.7604166666666666
195498,512.0,"[ 0.33434774  0.99863563 -0.52500372 -0.98730326  0.03921558  0.96601246
 -0.80832404  0.46047984 -0.99991615  0.12503139  0.57108725 -0.97576085
 -0.97683862 -0.06574132]",0.7447916666666666
167992,512.0,"[ 0.34904118  0.5116395  -0.93810937 -0.73287411  0.35762496  0.80599036
  0.88937885  0.56940509  0.93775361 -0.90182721  0.64585059 -0.04093264
  0.79832842  0.02224028]",0.7708333333333334
452798,512.0,"[ 5.82304317e-01 -9.39331465e-01 -8.16436145e-01  9.41161095e-01
  9.52482491e-01  6.11223566e-02  9.20295694e-01 -1.25189660e-01
 -8.55324931e-01 -1.04977136e-04  9.40984107e-01  4.94521622e-01
  9.10875360e-01  9.30770141e-02]",0.7447916666666666
928982,512.0,"[ 0.58164375  0.2879528  -0.65214252  0.32065812 -0.41959348  0.61479287
 -0.13055721 -0.54072327 -0.23056791 -0.99400753 -0.44576558 -0.57144095
 -0.6360035  -0.04817888]",0.7447916666666666
930767,512.0,"[ 0.49636763  0.31875857  0.88969605  0.16363412 -0.96592049  0.79924286
 -0.92568319 -0.8180975   0.91612861  0.45611155 -0.80799255 -0.71042147
 -0.65685184 -0.71109153]",0.7708333333333334
281191,512.0,"[ 0.11910454 -0.09772592 -0.86003396  0.56695471 -0.79237838 -0.06302514
  0.98653792  0.75713125 -0.8510485   0.43125697  0.37460079 -0.54818408
  0.68855538  0.30184859]",0.7552083333333334
837153,512.0,"[-0.50611632 -0.71865498 -0.97009786  0.39986826  0.95040062  0.2958889
 -0.15914911 -0.48291992 -0.54085014  0.35607816  0.73435581 -0.69508154
 -0.92593763 -0.04538833]",0.7708333333333334
941851,2048.0,"[-0.31696777  0.83028576  0.92812679  0.217041   -0.72998048  0.43694128
 -0.15826174  0.07056232 -0.58113695  0.03525615 -0.30204287 -0.22125155
 -0.84050604 -0.03682855]",0.7447916666666666
936159,2048.0,"[-0.70545848  0.14700229 -0.58570147  0.55187212 -0.95500751 -0.92179486
  0.99819456  0.32611247 -0.9704482  -0.07739248 -0.56614335  0.80095796
  0.90144681  0.99142814]",0.7395833333333334
118334,2048.0,"[-0.3517799  -0.75791664  0.65060521 -0.26623711  0.77663526  0.3216406
  0.52894216  0.9857011   0.08987042 -0.72403042  0.69586963  0.78779543
  0.99942373  0.0766106 ]",0.75
108183,2048.0,"[-0.73534557 -0.726169    0.31390691 -0.03258116  0.74625731 -0.73459993
  0.92528758 -0.26121669  0.34487805  0.32956325  0.93742299  0.7086423
 -0.38265322  0.79917344]",0.734375
479829,2048.0,"[-0.99915296  0.5535107   0.85133948  0.95132155 -0.48443586 -0.53245161
 -0.99996769  0.05645476  0.29027629 -0.66404785 -0.54200213  0.80850345
 -0.54566288 -0.07211963]",0.7291666666666666
773980,2048.0,"[ 0.73844596 -0.20347355  0.0999929   0.98196046 -0.89863885  0.49267807
 -0.92885889  0.35265088 -0.48609269 -0.94762898  0.19068773 -0.48470096
 -0.790215   -0.03846004]",0.7604166666666666
910215,2048.0,"[ 0.74753684 -0.10142843  0.98487458  0.57109788 -0.58431453 -0.42190523
 -0.76442467  0.61230631  0.11002972  0.07516677 -0.64402946 -0.90061896
 -0.50306712 -0.67643149]",0.703125
895438,2048.0,"[-0.23766533  0.65896668  0.97589271 -0.37132873 -0.94039873  0.06681165
 -0.40678292 -0.70285594 -0.39391869 -0.6332687  -0.31259596 -0.9963333
 -0.8635956  -0.05545993]",0.7604166666666666
228808,2048.0,"[ 0.61443049 -0.27564097  0.98758941 -0.13014888  0.85909683  0.66450729
 -0.98452823 -0.84036743 -0.53599797 -0.62074691 -0.80092673 -0.29812172
 -0.75224439 -0.73418237]",0.78125
119632,2048.0,"[-0.76578699  0.49960318  0.94491702 -0.61729731  0.87795909  0.04572649
  0.39023548 -0.08297948  0.99316083 -0.22901821  0.99984522  0.2276856
  0.99231091  0.47780176]",0.765625
745699,2048.0,"[ 0.99987435  0.67041992  0.19058299 -0.98711985 -0.07102612  0.26956117
 -0.99750909 -0.97743201 -0.36976266  0.99601842 -0.40814473 -0.34391687
 -0.94607547 -0.07592994]",0.7604166666666666
680352,2048.0,"[ 0.43224325 -0.06337435 -0.76812017 -0.99997353  0.18348878 -0.33517407
  0.97672466 -0.35353569  0.86828558 -0.458382    0.51014667 -0.99824859
  0.99696198  0.92560515]",0.7916666666666666
717830,2048.0,"[-0.55773215 -0.90617385 -0.4566607   0.66920405 -0.28370021 -0.99727288
  0.99323935  0.90386906  0.72733326  0.88165791  0.24915552 -0.97989806
  0.99070564  0.99454307]",0.734375
988865,2048.0,"[ 0.96278806  0.5322682   0.95676354  0.21361966  0.84267341  0.13760384
 -0.74364722  0.03594291  0.49178111 -0.32899646 -0.46644586 -0.36450964
 -0.9182427  -0.01823662]",0.7760416666666666
842375,2048.0,"[-0.81278001 -0.35542243  0.13338472 -0.7489749   0.23689274 -0.78353568
  0.65006385  0.93510162  0.39747496 -0.55074591  0.86846073 -0.38074027
  0.54928389  0.61889939]",0.7708333333333334
750994,2048.0,"[-0.27053189 -0.57595652 -0.05988677  0.33587286  0.50570156  0.66314827
 -0.99018529  0.72406053 -0.87099162 -0.2562712   0.50723944  0.00886193
 -0.9439749  -0.11034954]",0.7552083333333334
719354,2048.0,"[-0.05522517 -0.91700779 -0.99511536  0.00152064 -0.28008177  0.34871945
  0.64173461 -0.12404415  0.3642562  -0.06117029  0.81844782  0.81080471
  0.93379741  0.99763905]",0.7447916666666666
329909,2048.0,"[ 0.63817159  0.95319588  0.14179733 -0.17969034  0.9555499   0.50243864
 -0.61230893 -0.05803606 -0.86498467  0.0570322  -0.26247708 -0.05963398
 -0.81493619 -0.0557556 ]",0.78125
599749,2048.0,"[-0.2804606  -0.90167429 -0.19295511  0.24751176 -0.29372519 -0.43658504
  0.3488734   0.69484975 -0.91711481 -0.38113227  0.20104405  0.18048366
  0.41937497  0.05072727]",0.7708333333333334
328876,2048.0,"[-0.91917326 -0.98880925 -0.35969692  0.80026401 -0.5440358   0.28875356
  0.77809207 -0.94363559  0.39975369  0.20483784  0.47021125 -0.04734394
  0.94346813  0.06097766]",0.7552083333333334
161269,2048.0,"[-0.54743019 -0.45332795 -0.76339003  0.33006825 -0.57478904 -0.56923261
  0.56191659 -0.46690634 -0.44397065 -0.01275394  0.40803621 -0.09075571
  0.89482001  0.57634587]",0.6770833333333334
422522,2048.0,"[ 0.66058735 -0.98602342  0.23572855 -0.17281663  0.3308435   0.9742809
 -0.98194471  0.54389941 -0.18373537 -0.75728306 -0.926492   -0.68492919
 -0.84271138 -0.09426275]",0.75
858762,2048.0,"[-0.18923236  0.84223725  0.87051947 -0.54157777 -0.80407814  0.39023866
 -0.79377439 -0.04487054  0.4955349  -0.99540832  0.98616381 -0.43367473
 -0.94732178 -0.06291319]",0.765625
195498,2048.0,"[-0.60220942 -0.10376852  0.13682549 -0.16559966  0.499697   -0.09934231
 -0.20165318  0.08546436  0.30086944 -0.22179077  0.98688769 -0.18718804
 -0.9939353  -0.06389966]",0.75
167992,2048.0,"[-0.49242209 -0.91843752 -0.33757656  0.08936242 -0.07927234  0.13627194
  0.11055817  0.22027741  0.49466683 -0.09005332  0.90692847 -0.48654845
  0.42903886  0.04399397]",0.7708333333333334
452798,2048.0,"[-0.90991379  0.23214755 -0.84979935 -0.87622175 -0.15877162 -0.72816264
  0.97388683  0.37235399  0.91699075  0.59915565 -0.24541239 -0.98410681
  0.9435536   0.93037895]",0.7604166666666666
928982,2048.0,"[-0.98145865  0.98152806 -0.64972106  0.26534411 -0.85399951 -0.78013086
  0.63525076  0.62540079 -0.903518    0.92654359 -0.66498699 -0.83165485
  0.84184381  0.39522775]",0.75
930767,2048.0,"[ 0.45452349 -0.99235387 -0.60459966 -0.28659858 -0.30039216 -0.19645501
  0.40217209  0.93240626 -0.24885742 -0.41786391 -0.02807449 -0.12931133
  0.99973099  0.33849397]",0.78125
281191,2048.0,"[-0.90238481 -0.30308705  0.33964149  0.94672219 -0.68411816 -0.10989965
 -0.97216418 -0.15230616 -0.99999949 -0.97697015 -0.49157603 -0.91196506
 -0.87848664 -0.67320646]",0.7552083333333334
837153,2048.0,"[ 0.90115818 -0.76920756  0.49042002  0.990878    0.79819639  0.97117195
 -0.97563208 -0.2233148   0.83839238 -0.97245672  0.96728204 -0.84599453
 -0.986847   -0.03865642]",0.78125
